品目名称,年,月,予測平均単価,予測取扱数量
冷ぎんさけ,2026,6,1472.8,1168412.0
冷ぎんさけ,2026,7,1465.8,947308.0
冷ぎんさけ,2026,8,1462.9,958096.0
冷ぎんさけ,2026,9,1475.7,827751.0
冷ぎんさけ,2026,10,1479.1,1026244.0
冷ぎんさけ,2026,11,1465.5,1113648.0
冷ぎんさけ,2026,12,1452.6,1094769.0
冷ぎんさけ,2027,1,1490.0,786247.0
冷ぎんさけ,2027,2,1514.6,911373.0
冷ぎんさけ,2027,3,1562.3,949771.0
冷ぎんさけ,2027,4,1549.5,1016351.0
冷ぎんさけ,2027,5,1545.1,1157820.0
冷めばち,2026,6,1651.8,697122.0
冷めばち,2026,7,1706.2,683487.0
冷めばち,2026,8,1763.8,674718.0
冷めばち,2026,9,1787.1,585374.0
冷めばち,2026,10,1818.6,621818.0
冷めばち,2026,11,1850.6,585688.0
冷めばち,2026,12,2009.8,661878.0
冷めばち,2027,1,2068.1,400424.0
冷めばち,2027,2,2092.9,424674.0
冷めばち,2027,3,2043.7,491676.0
冷めばち,2027,4,2068.1,496968.0
冷めばち,2027,5,2156.7,397439.0
まあじ,2026,6,746.5,994263.0
まあじ,2026,7,855.0,851577.0
まあじ,2026,8,782.6,816101.0
まあじ,2026,9,694.2,897524.0
まあじ,2026,10,668.1,945378.0
まあじ,2026,11,664.6,922957.0
まあじ,2026,12,701.4,822201.0
まあじ,2027,1,817.6,643477.0
まあじ,2027,2,796.5,698969.0
まあじ,2027,3,769.7,883415.0
まあじ,2027,4,701.2,992459.0
まあじ,2027,5,700.7,1068074.0
わらさ,2026,6,509.9,1295434.0
わらさ,2026,7,487.7,1209919.0
わらさ,2026,8,537.2,1223571.0
わらさ,2026,9,528.7,1168872.0
わらさ,2026,10,521.0,1312291.0
わらさ,2026,11,693.5,1026421.0
わらさ,2026,12,863.6,593275.0
わらさ,2027,1,1026.1,358691.0
わらさ,2027,2,1052.3,392604.0
わらさ,2027,3,894.7,399417.0
わらさ,2027,4,699.5,887224.0
わらさ,2027,5,632.8,1102684.0
まぐろ（国内）,2026,6,2692.5,1035940.0
まぐろ（国内）,2026,7,3058.2,700302.0
まぐろ（国内）,2026,8,3597.4,561870.0
まぐろ（国内）,2026,9,3900.2,604442.0
まぐろ（国内）,2026,10,3715.7,783507.0
まぐろ（国内）,2026,11,3914.4,772571.0
まぐろ（国内）,2026,12,4036.1,1237416.0
まぐろ（国内）,2027,1,4528.6,750824.0
まぐろ（国内）,2027,2,3975.0,734911.0
まぐろ（国内）,2027,3,4013.5,835611.0
まぐろ（国内）,2027,4,3669.0,908629.0
まぐろ（国内）,2027,5,3486.5,937209.0
ぶり,2026,6,557.2,151287.0
ぶり,2026,7,717.9,229020.0
ぶり,2026,8,971.4,95492.0
ぶり,2026,9,1052.7,147345.0
ぶり,2026,10,957.9,549758.0
ぶり,2026,11,1730.4,359117.0
ぶり,2026,12,2393.8,333318.0
ぶり,2027,1,2232.3,264178.0
ぶり,2027,2,1929.8,228463.0
ぶり,2027,3,1127.4,599738.0
ぶり,2027,4,816.7,606743.0
ぶり,2027,5,877.6,245315.0
かつお,2026,6,885.1,564142.0
かつお,2026,7,768.4,610025.0
かつお,2026,8,787.1,556632.0
かつお,2026,9,805.6,524043.0
かつお,2026,10,879.1,447569.0
かつお,2026,11,1399.9,159422.0
かつお,2026,12,1973.4,42296.0
かつお,2027,1,1925.4,15391.0
かつお,2027,2,1218.1,79071.0
かつお,2027,3,1029.7,268324.0
かつお,2027,4,970.0,414849.0
かつお,2027,5,1021.4,454153.0
活またい,2026,6,1259.2,448251.0
活またい,2026,7,1280.3,446548.0
活またい,2026,8,1295.4,481629.0
活またい,2026,9,1325.4,453927.0
活またい,2026,10,1336.3,475607.0
活またい,2026,11,1320.4,476327.0
活またい,2026,12,1343.5,577319.0
活またい,2027,1,1331.0,443768.0
活またい,2027,2,1346.2,442932.0
活またい,2027,3,1355.2,563377.0
活またい,2027,4,1326.7,515070.0
活またい,2027,5,1310.5,501958.0
さば,2026,6,569.9,404183.0
さば,2026,7,660.7,363896.0
さば,2026,8,705.1,308607.0
さば,2026,9,741.3,314849.0
さば,2026,10,802.6,329982.0
さば,2026,11,775.3,351277.0
さば,2026,12,947.4,281660.0
さば,2027,1,882.6,309235.0
さば,2027,2,796.5,334464.0
さば,2027,3,835.4,325227.0
さば,2027,4,784.6,279894.0
さば,2027,5,758.3,279134.0
まいわし,2026,6,451.6,499613.0
まいわし,2026,7,524.1,364209.0
まいわし,2026,8,524.6,303112.0
まいわし,2026,9,529.2,249522.0
まいわし,2026,10,557.9,222714.0
まいわし,2026,11,640.1,208099.0
まいわし,2026,12,644.8,231175.0
まいわし,2027,1,469.5,405237.0
まいわし,2027,2,426.1,538245.0
まいわし,2027,3,432.1,567655.0
まいわし,2027,4,464.9,559951.0
まいわし,2027,5,498.2,440029.0
またい（養殖）,2026,6,1374.2,450944.0
またい（養殖）,2026,7,1371.9,498514.0
またい（養殖）,2026,8,1379.8,555120.0
またい（養殖）,2026,9,1388.9,518911.0
またい（養殖）,2026,10,1422.9,515936.0
またい（養殖）,2026,11,1424.0,518798.0
またい（養殖）,2026,12,1550.6,694822.0
またい（養殖）,2027,1,1440.7,547792.0
またい（養殖）,2027,2,1437.4,549074.0
またい（養殖）,2027,3,1387.9,692220.0
またい（養殖）,2027,4,1432.0,560540.0
またい（養殖）,2027,5,1486.6,596000.0
冷ほんまぐろ,2026,6,3828.3,412430.0
冷ほんまぐろ,2026,7,3988.2,364144.0
冷ほんまぐろ,2026,8,4498.4,305000.0
冷ほんまぐろ,2026,9,4447.0,291628.0
冷ほんまぐろ,2026,10,4290.6,357743.0
冷ほんまぐろ,2026,11,4384.8,325881.0
冷ほんまぐろ,2026,12,4568.8,483008.0
冷ほんまぐろ,2027,1,4728.3,216046.0
冷ほんまぐろ,2027,2,4664.2,234859.0
冷ほんまぐろ,2027,3,4755.1,369979.0
冷ほんまぐろ,2027,4,4577.8,318720.0
冷ほんまぐろ,2027,5,4574.1,328336.0
はまち（養殖）,2026,6,2654.7,116372.0
はまち（養殖）,2026,7,2712.9,115828.0
はまち（養殖）,2026,8,2749.1,126827.0
はまち（養殖）,2026,9,2821.9,107888.0
はまち（養殖）,2026,10,2865.6,109089.0
はまち（養殖）,2026,11,2839.9,147645.0
はまち（養殖）,2026,12,2832.6,291640.0
はまち（養殖）,2027,1,2906.0,225130.0
はまち（養殖）,2027,2,2870.5,175663.0
はまち（養殖）,2027,3,3195.4,106456.0
はまち（養殖）,2027,4,3034.4,77532.0
はまち（養殖）,2027,5,2989.7,69483.0
輸入さけ・ます,2026,6,1734.0,389363.0
輸入さけ・ます,2026,7,1727.4,380493.0
輸入さけ・ます,2026,8,1790.7,398381.0
輸入さけ・ます,2026,9,1700.3,406638.0
輸入さけ・ます,2026,10,1724.5,385741.0
輸入さけ・ます,2026,11,1722.6,372740.0
輸入さけ・ます,2026,12,1864.9,546924.0
輸入さけ・ます,2027,1,1728.2,359396.0
輸入さけ・ます,2027,2,1726.1,353976.0
輸入さけ・ます,2027,3,1733.4,410320.0
輸入さけ・ます,2027,4,1605.3,431422.0
輸入さけ・ます,2027,5,1598.2,474477.0
さんま,2026,6,839.1,0.0
さんま,2026,7,886.5,0.0
さんま,2026,8,1090.4,706284.0
さんま,2026,9,995.6,4668425.0
さんま,2026,10,1009.1,2368041.0
さんま,2026,11,935.2,699886.0
さんま,2026,12,675.2,130598.0
さんま,2027,1,729.9,107788.0
さんま,2027,2,745.5,165558.0
さんま,2027,3,732.2,180973.0
さんま,2027,4,776.1,130470.0
さんま,2027,5,812.4,58087.0
冷ぎんたら,2026,6,1569.4,377195.0
冷ぎんたら,2026,7,1603.8,344206.0
冷ぎんたら,2026,8,1619.1,327861.0
冷ぎんたら,2026,9,1616.9,326760.0
冷ぎんたら,2026,10,1582.6,344456.0
冷ぎんたら,2026,11,1625.5,345106.0
冷ぎんたら,2026,12,1634.0,315303.0
冷ぎんたら,2027,1,1551.5,399650.0
冷ぎんたら,2027,2,1562.4,387012.0
冷ぎんたら,2027,3,1664.3,299746.0
冷ぎんたら,2027,4,1598.3,406210.0
冷ぎんたら,2027,5,1551.8,328442.0
冷印度まぐろ,2026,6,2293.2,248980.0
冷印度まぐろ,2026,7,2309.0,282872.0
冷印度まぐろ,2026,8,2548.6,229985.0
冷印度まぐろ,2026,9,2442.3,251292.0
冷印度まぐろ,2026,10,2597.6,276236.0
冷印度まぐろ,2026,11,2513.2,283930.0
冷印度まぐろ,2026,12,2659.0,363685.0
冷印度まぐろ,2027,1,2512.6,218991.0
冷印度まぐろ,2027,2,2531.6,212784.0
冷印度まぐろ,2027,3,2478.6,280150.0
冷印度まぐろ,2027,4,2657.3,261232.0
冷印度まぐろ,2027,5,2726.8,236766.0
冷ほたて貝,2026,6,5593.8,179202.0
冷ほたて貝,2026,7,5827.5,160996.0
冷ほたて貝,2026,8,5639.9,174274.0
冷ほたて貝,2026,9,5982.8,190108.0
冷ほたて貝,2026,10,6013.6,226233.0
冷ほたて貝,2026,11,6005.0,224597.0
冷ほたて貝,2026,12,5760.1,354052.0
冷ほたて貝,2027,1,6419.4,134015.0
冷ほたて貝,2027,2,5906.0,159126.0
冷ほたて貝,2027,3,6326.1,101523.0
冷ほたて貝,2027,4,6282.2,155892.0
冷ほたて貝,2027,5,5751.0,168596.0
生またら,2026,6,1230.0,71298.0
生またら,2026,7,1499.0,45644.0
生またら,2026,8,1714.2,35731.0
生またら,2026,9,1542.2,71525.0
生またら,2026,10,1477.6,197813.0
生またら,2026,11,1205.1,470690.0
生またら,2026,12,1198.9,495310.0
生またら,2027,1,1194.1,457311.0
生またら,2027,2,1163.3,394272.0
生またら,2027,3,1216.8,200973.0
生またら,2027,4,1352.1,103206.0
生またら,2027,5,1291.4,92194.0
冷たこ,2026,6,1982.2,100808.0
冷たこ,2026,7,1925.9,90305.0
冷たこ,2026,8,1961.6,63671.0
冷たこ,2026,9,1981.8,76147.0
冷たこ,2026,10,1943.7,53620.0
冷たこ,2026,11,2080.6,87943.0
冷たこ,2026,12,2063.1,80607.0
冷たこ,2027,1,2071.2,29950.0
冷たこ,2027,2,1978.8,32307.0
冷たこ,2027,3,2130.6,29618.0
冷たこ,2027,4,2042.0,26397.0
冷たこ,2027,5,2055.8,34715.0
その他冷輸入えび,2026,6,1672.4,206817.0
その他冷輸入えび,2026,7,1684.8,206951.0
その他冷輸入えび,2026,8,1685.5,217181.0
その他冷輸入えび,2026,9,1613.2,250349.0
その他冷輸入えび,2026,10,1613.1,353360.0
その他冷輸入えび,2026,11,1670.6,318284.0
その他冷輸入えび,2026,12,1680.9,345386.0
その他冷輸入えび,2027,1,1550.9,207067.0
その他冷輸入えび,2027,2,1571.7,235499.0
その他冷輸入えび,2027,3,1670.9,240761.0
その他冷輸入えび,2027,4,1606.5,410812.0
その他冷輸入えび,2027,5,1705.3,195248.0
冷さば,2026,6,1250.0,191634.0
冷さば,2026,7,1160.3,192331.0
冷さば,2026,8,1382.2,157325.0
冷さば,2026,9,1414.6,171590.0
冷さば,2026,10,1406.8,189915.0
冷さば,2026,11,1421.4,195412.0
冷さば,2026,12,1423.2,181420.0
冷さば,2027,1,1468.6,158031.0
冷さば,2027,2,1452.5,181202.0
冷さば,2027,3,1596.9,183031.0
冷さば,2027,4,1598.0,170758.0
冷さば,2027,5,1640.8,143187.0
かき,2026,6,1167.4,146761.0
かき,2026,7,1137.1,168745.0
かき,2026,8,1193.3,153945.0
かき,2026,9,1226.2,135794.0
かき,2026,10,1197.6,136905.0
かき,2026,11,1111.2,147185.0
かき,2026,12,1172.8,164225.0
かき,2027,1,1198.1,110572.0
かき,2027,2,1206.9,112890.0
かき,2027,3,1235.1,110275.0
かき,2027,4,1215.8,115879.0
かき,2027,5,1131.2,135189.0
またい（天然）,2026,6,802.2,203424.0
またい（天然）,2026,7,964.8,138394.0
またい（天然）,2026,8,988.4,127670.0
またい（天然）,2026,9,909.9,150212.0
またい（天然）,2026,10,969.7,137997.0
またい（天然）,2026,11,1047.0,116925.0
またい（天然）,2026,12,1144.8,152118.0
またい（天然）,2027,1,1267.9,79452.0
またい（天然）,2027,2,1167.3,111284.0
またい（天然）,2027,3,1009.9,231416.0
またい（天然）,2027,4,857.6,289710.0
またい（天然）,2027,5,771.1,280262.0
活かんぱち,2026,6,2480.1,148417.0
活かんぱち,2026,7,2495.8,158208.0
活かんぱち,2026,8,2560.7,149526.0
活かんぱち,2026,9,2566.0,139109.0
活かんぱち,2026,10,2530.3,147487.0
活かんぱち,2026,11,2496.1,140313.0
活かんぱち,2026,12,2560.8,178523.0
活かんぱち,2027,1,2557.9,124193.0
活かんぱち,2027,2,2549.5,123438.0
活かんぱち,2027,3,2580.1,145869.0
活かんぱち,2027,4,2558.1,134100.0
活かんぱち,2027,5,2560.9,150609.0
きんめたい,2026,6,2079.3,189465.0
きんめたい,2026,7,2091.3,179916.0
きんめたい,2026,8,2404.0,137277.0
きんめたい,2026,9,2140.6,147338.0
きんめたい,2026,10,2573.4,125589.0
きんめたい,2026,11,2427.0,133551.0
きんめたい,2026,12,2673.3,144096.0
きんめたい,2027,1,2996.8,95263.0
きんめたい,2027,2,2453.7,148463.0
きんめたい,2027,3,1961.8,245889.0
きんめたい,2027,4,2463.2,149775.0
きんめたい,2027,5,2144.0,191501.0
冷むきえび,2026,6,1453.4,144246.0
冷むきえび,2026,7,1520.5,158064.0
冷むきえび,2026,8,1545.8,164508.0
冷むきえび,2026,9,1480.7,168043.0
冷むきえび,2026,10,1536.9,162449.0
冷むきえび,2026,11,1539.3,161310.0
冷むきえび,2026,12,1522.9,227605.0
冷むきえび,2027,1,1511.9,144130.0
冷むきえび,2027,2,1612.8,136267.0
冷むきえび,2027,3,1596.3,152263.0
冷むきえび,2027,4,1509.1,225089.0
冷むきえび,2027,5,1561.6,151701.0
するめいか,2026,6,1150.6,304121.0
するめいか,2026,7,1226.7,295401.0
するめいか,2026,8,1222.1,293785.0
するめいか,2026,9,1161.1,339945.0
するめいか,2026,10,1198.8,299668.0
するめいか,2026,11,1459.8,176305.0
するめいか,2026,12,1540.2,154467.0
するめいか,2027,1,1488.5,137612.0
するめいか,2027,2,1535.9,123085.0
するめいか,2027,3,1479.1,198831.0
するめいか,2027,4,1512.7,111461.0
するめいか,2027,5,1318.7,184962.0
いなだ,2026,6,628.9,7529.0
いなだ,2026,7,589.2,11200.0
いなだ,2026,8,471.3,13679.0
いなだ,2026,9,440.0,4364.0
いなだ,2026,10,436.6,0.0
いなだ,2026,11,537.2,0.0
いなだ,2026,12,642.9,0.0
いなだ,2027,1,731.0,0.0
いなだ,2027,2,757.0,0.0
いなだ,2027,3,787.4,0.0
いなだ,2027,4,708.2,0.0
いなだ,2027,5,676.9,0.0
冷からすかれい,2026,6,2169.0,196559.0
冷からすかれい,2026,7,2443.8,149706.0
冷からすかれい,2026,8,2423.7,146173.0
冷からすかれい,2026,9,2474.4,166761.0
冷からすかれい,2026,10,2498.1,172852.0
冷からすかれい,2026,11,2551.1,170050.0
冷からすかれい,2026,12,2570.7,185083.0
冷からすかれい,2027,1,2677.8,152503.0
冷からすかれい,2027,2,2774.4,146305.0
冷からすかれい,2027,3,2742.6,184735.0
冷からすかれい,2027,4,2840.2,198368.0
冷からすかれい,2027,5,3070.7,131495.0
むきかき,2026,6,2934.5,6280.0
むきかき,2026,7,3365.0,1593.0
むきかき,2026,8,5212.9,15.0
むきかき,2026,9,4508.9,0.0
むきかき,2026,10,3622.3,26736.0
むきかき,2026,11,3471.2,74555.0
むきかき,2026,12,3418.3,92999.0
むきかき,2027,1,3262.0,81330.0
むきかき,2027,2,3102.2,70994.0
むきかき,2027,3,2800.7,46676.0
むきかき,2027,4,2238.4,17984.0
むきかき,2027,5,2395.6,6667.0
その他冷さけ,2026,6,1801.1,146653.0
その他冷さけ,2026,7,2603.6,32356.0
その他冷さけ,2026,8,1786.1,60634.0
その他冷さけ,2026,9,2023.5,41361.0
その他冷さけ,2026,10,2454.7,40231.0
その他冷さけ,2026,11,1942.9,48943.0
その他冷さけ,2026,12,2331.5,51943.0
その他冷さけ,2027,1,2122.0,22701.0
その他冷さけ,2027,2,2430.7,21497.0
その他冷さけ,2027,3,2511.5,20382.0
その他冷さけ,2027,4,2187.9,16956.0
その他冷さけ,2027,5,3230.6,12641.0
冷きわだ,2026,6,1098.7,117251.0
冷きわだ,2026,7,1500.3,58710.0
冷きわだ,2026,8,1020.6,180233.0
冷きわだ,2026,9,1602.8,55640.0
冷きわだ,2026,10,1315.4,96646.0
冷きわだ,2026,11,1069.5,148717.0
冷きわだ,2026,12,1356.6,93574.0
冷きわだ,2027,1,1645.7,58091.0
冷きわだ,2027,2,1532.7,65931.0
冷きわだ,2027,3,1581.8,99125.0
冷きわだ,2027,4,1339.9,84381.0
冷きわだ,2027,5,1558.6,43908.0
