品目名称,年,月,取扱数量,平均単価
いなだ,2023,1,257361,383.8
いなだ,2023,2,244812,410.0
いなだ,2023,3,138696,452.9
いなだ,2023,4,65944,474.4
いなだ,2023,5,87542,433.2
いなだ,2023,6,54552,530.3
いなだ,2023,7,134949,481.9
いなだ,2023,8,336347,374.1
いなだ,2023,9,402884,364.6
いなだ,2023,10,464564,318.2
いなだ,2023,11,600235,384.5
いなだ,2023,12,197994,418.5
いなだ,2024,1,174544,476.8
いなだ,2024,2,105506,498.1
いなだ,2024,3,73771,554.8
いなだ,2024,4,91753,434.7
いなだ,2024,5,142722,334.8
いなだ,2024,6,94442,452.7
いなだ,2024,7,200278,429.9
いなだ,2024,8,315022,368.9
いなだ,2024,9,476796,310.7
いなだ,2024,10,334092,328.0
いなだ,2024,11,268365,343.1
いなだ,2024,12,57847,509.5
いなだ,2025,1,42934,530.7
いなだ,2025,2,52824,706.2
いなだ,2025,3,55156,594.1
いなだ,2025,4,32755,605.9
いなだ,2025,5,80388,451.1
いなだ,2025,6,57710,500.8
いなだ,2025,7,54322,513.4
いなだ,2025,8,160238,437.0
いなだ,2025,9,217825,369.6
いなだ,2025,10,80492,404.8
いなだ,2025,11,78165,474.5
いなだ,2025,12,66170,592.1
いなだ,2026,1,44586,735.6
いなだ,2026,2,56422,717.4
いなだ,2026,3,45146,738.7
いなだ,2026,4,70455,595.2
いなだ,2026,5,60899,622.2
かき,2023,1,193488,849.1
かき,2023,2,197007,882.6
かき,2023,3,198001,955.3
かき,2023,4,199237,959.2
かき,2023,5,228410,923.0
かき,2023,6,217674,971.2
かき,2023,7,246873,952.4
かき,2023,8,210747,1041.6
かき,2023,9,189385,1043.1
かき,2023,10,197854,1002.7
かき,2023,11,221243,913.8
かき,2023,12,247697,989.0
かき,2024,1,154454,1095.4
かき,2024,2,169689,1092.3
かき,2024,3,174460,1126.4
かき,2024,4,162860,1186.0
かき,2024,5,186699,1144.1
かき,2024,6,180409,1112.3
かき,2024,7,215008,1094.6
かき,2024,8,203081,1154.4
かき,2024,9,174405,1192.9
かき,2024,10,175164,1181.3
かき,2024,11,199427,1065.2
かき,2024,12,202145,1209.4
かき,2025,1,136543,1222.8
かき,2025,2,137911,1228.8
かき,2025,3,147738,1195.6
かき,2025,4,156930,1177.8
かき,2025,5,162196,1138.9
かき,2025,6,166495,1143.1
かき,2025,7,190316,1127.7
かき,2025,8,197938,1119.7
かき,2025,9,171009,1216.6
かき,2025,10,159824,1225.1
かき,2025,11,148374,1192.1
かき,2025,12,182345,1197.2
かき,2026,1,138801,1139.8
かき,2026,2,123130,1188.0
かき,2026,3,121480,1174.4
かき,2026,4,134486,1215.6
かき,2026,5,165304,1132.3
かつお,2023,1,25724,1800.7
かつお,2023,2,98815,1130.0
かつお,2023,3,616159,772.4
かつお,2023,4,873619,702.6
かつお,2023,5,878867,763.9
かつお,2023,6,920322,662.4
かつお,2023,7,989630,573.5
かつお,2023,8,848272,652.8
かつお,2023,9,814541,662.6
かつお,2023,10,767834,688.3
かつお,2023,11,213139,1284.6
かつお,2023,12,63593,1871.7
かつお,2024,1,49043,1610.2
かつお,2024,2,264814,885.0
かつお,2024,3,428407,1012.8
かつお,2024,4,645052,854.7
かつお,2024,5,879707,650.8
かつお,2024,6,1037609,551.9
かつお,2024,7,1075970,648.1
かつお,2024,8,1120931,534.2
かつお,2024,9,992165,618.5
かつお,2024,10,774899,703.3
かつお,2024,11,342895,962.2
かつお,2024,12,86845,1587.9
かつお,2025,1,34604,1602.0
かつお,2025,2,53632,1379.8
かつお,2025,3,314589,1044.1
かつお,2025,4,460650,1003.0
かつお,2025,5,874992,761.8
かつお,2025,6,487519,1076.3
かつお,2025,7,558526,925.2
かつお,2025,8,503242,931.8
かつお,2025,9,505551,986.0
かつお,2025,10,357826,1153.8
かつお,2025,11,181629,1441.8
かつお,2025,12,48238,1718.2
かつお,2026,1,19862,1696.1
かつお,2026,2,111105,1150.4
かつお,2026,3,404241,1011.4
かつお,2026,4,649143,907.8
かつお,2026,5,730930,881.2
きんめたい,2023,1,134584,2461.1
きんめたい,2023,2,219561,2080.0
きんめたい,2023,3,318237,1743.3
きんめたい,2023,4,202130,2080.8
きんめたい,2023,5,240346,2008.0
きんめたい,2023,6,224523,1982.0
きんめたい,2023,7,192890,2111.2
きんめたい,2023,8,146981,2340.3
きんめたい,2023,9,175124,1988.1
きんめたい,2023,10,142176,2389.4
きんめたい,2023,11,146183,2339.2
きんめたい,2023,12,162380,2492.1
きんめたい,2024,1,75523,3289.1
きんめたい,2024,2,149177,2443.3
きんめたい,2024,3,131350,2873.6
きんめたい,2024,4,205644,2036.5
きんめたい,2024,5,202874,2067.0
きんめたい,2024,6,193728,2100.2
きんめたい,2024,7,136099,2556.7
きんめたい,2024,8,149528,2496.0
きんめたい,2024,9,127136,2351.7
きんめたい,2024,10,116438,2776.0
きんめたい,2024,11,106548,3035.5
きんめたい,2024,12,111915,3325.2
きんめたい,2025,1,119882,2704.1
きんめたい,2025,2,104882,3197.6
きんめたい,2025,3,179635,2407.9
きんめたい,2025,4,173279,2376.9
きんめたい,2025,5,169256,2265.2
きんめたい,2025,6,192161,2109.8
きんめたい,2025,7,241164,1771.6
きんめたい,2025,8,143654,2389.7
きんめたい,2025,9,137893,2283.7
きんめたい,2025,10,121670,2770.7
きんめたい,2025,11,151419,2280.7
きんめたい,2025,12,155526,2741.0
きんめたい,2026,1,124013,2874.3
きんめたい,2026,2,150311,2422.7
きんめたい,2026,3,208623,2315.8
きんめたい,2026,4,151279,2665.1
きんめたい,2026,5,186796,2245.0
さば,2023,1,498427,638.7
さば,2023,2,589489,565.0
さば,2023,3,580204,590.2
さば,2023,4,470253,561.7
さば,2023,5,472431,536.7
さば,2023,6,556102,455.5
さば,2023,7,518057,508.4
さば,2023,8,451769,534.0
さば,2023,9,437109,571.5
さば,2023,10,491594,591.6
さば,2023,11,544860,575.0
さば,2023,12,454099,662.4
さば,2024,1,537022,603.3
さば,2024,2,565360,546.9
さば,2024,3,536643,587.3
さば,2024,4,524711,521.5
さば,2024,5,534773,470.1
さば,2024,6,496339,506.9
さば,2024,7,492623,538.3
さば,2024,8,384967,593.7
さば,2024,9,488539,556.2
さば,2024,10,529953,575.8
さば,2024,11,538765,578.7
さば,2024,12,475171,654.8
さば,2025,1,478207,613.3
さば,2025,2,456530,660.2
さば,2025,3,497466,614.3
さば,2025,4,585095,511.6
さば,2025,5,526858,518.9
さば,2025,6,535244,450.8
さば,2025,7,436440,566.9
さば,2025,8,387537,598.0
さば,2025,9,415534,617.1
さば,2025,10,388599,708.1
さば,2025,11,426897,650.6
さば,2025,12,308757,872.1
さば,2026,1,342201,818.3
さば,2026,2,413512,699.6
さば,2026,3,395722,707.8
さば,2026,4,386553,654.9
さば,2026,5,410405,623.6
さんま,2023,1,45535,911.4
さんま,2023,2,30531,909.6
さんま,2023,3,22915,956.8
さんま,2023,4,23554,947.1
さんま,2023,5,23173,961.4
さんま,2023,6,19305,945.1
さんま,2023,7,23010,924.7
さんま,2023,8,77965,1237.4
さんま,2023,9,638208,1271.6
さんま,2023,10,690354,1376.9
さんま,2023,11,259260,1448.4
さんま,2023,12,66594,953.7
さんま,2024,1,22452,1025.2
さんま,2024,2,21941,1036.5
さんま,2024,3,22784,1014.1
さんま,2024,4,22428,1030.5
さんま,2024,5,19772,1006.6
さんま,2024,6,19106,1064.3
さんま,2024,7,17133,1028.9
さんま,2024,8,341488,1360.3
さんま,2024,9,881776,1242.0
さんま,2024,10,1147326,954.0
さんま,2024,11,790785,773.6
さんま,2024,12,67907,754.4
さんま,2025,1,37610,811.9
さんま,2025,2,31034,850.2
さんま,2025,3,27474,832.7
さんま,2025,4,21982,855.0
さんま,2025,5,20888,883.7
さんま,2025,6,20715,854.6
さんま,2025,7,22300,1177.5
さんま,2025,8,709906,1303.7
さんま,2025,9,2802038,997.4
さんま,2025,10,1589164,1113.1
さんま,2025,11,715088,808.7
さんま,2025,12,86202,710.6
さんま,2026,1,54365,820.6
さんま,2026,2,44632,810.5
さんま,2026,3,42360,821.9
さんま,2026,4,33951,834.2
さんま,2026,5,33239,832.2
するめいか,2023,1,156116,1154.0
するめいか,2023,2,143666,1225.2
するめいか,2023,3,247725,1073.6
するめいか,2023,4,156847,1170.2
するめいか,2023,5,121167,1212.2
するめいか,2023,6,194603,1063.0
するめいか,2023,7,151168,1285.7
するめいか,2023,8,138536,1283.9
するめいか,2023,9,172566,1192.8
するめいか,2023,10,221225,1115.0
するめいか,2023,11,122683,1386.0
するめいか,2023,12,106913,1430.0
するめいか,2024,1,88862,1404.4
するめいか,2024,2,91570,1379.1
するめいか,2024,3,93158,1462.5
するめいか,2024,4,121996,1393.6
するめいか,2024,5,86495,1490.6
するめいか,2024,6,192970,1193.8
するめいか,2024,7,206001,1184.5
するめいか,2024,8,249740,1208.7
するめいか,2024,9,164558,1267.0
するめいか,2024,10,175997,1255.3
するめいか,2024,11,122102,1380.2
するめいか,2024,12,81945,1638.7
するめいか,2025,1,122582,1425.8
するめいか,2025,2,62818,1595.4
するめいか,2025,3,110068,1417.3
するめいか,2025,4,92102,1512.2
するめいか,2025,5,150435,1375.9
するめいか,2025,6,285633,1029.7
するめいか,2025,7,329942,901.3
するめいか,2025,8,338072,915.1
するめいか,2025,9,410902,887.1
するめいか,2025,10,241915,1151.1
するめいか,2025,11,170635,1350.6
するめいか,2025,12,179969,1339.7
するめいか,2026,1,94841,1496.7
するめいか,2026,2,93252,1505.7
するめいか,2026,3,81077,1578.4
するめいか,2026,4,61264,1514.7
するめいか,2026,5,150416,1193.0
その他冷さけ,2023,1,95154,2178.9
その他冷さけ,2023,2,83102,2335.1
その他冷さけ,2023,3,120977,2080.0
その他冷さけ,2023,4,117635,1920.3
その他冷さけ,2023,5,116401,2287.8
その他冷さけ,2023,6,613713,810.0
その他冷さけ,2023,7,82972,1937.8
その他冷さけ,2023,8,227253,1211.4
その他冷さけ,2023,9,151372,1617.5
その他冷さけ,2023,10,134821,2266.8
その他冷さけ,2023,11,187947,1889.3
その他冷さけ,2023,12,178512,1845.4
その他冷さけ,2024,1,96508,1572.2
その他冷さけ,2024,2,129031,2037.5
その他冷さけ,2024,3,97627,2022.3
その他冷さけ,2024,4,147622,1912.6
その他冷さけ,2024,5,94684,1806.5
その他冷さけ,2024,6,138514,2042.9
その他冷さけ,2024,7,105856,2100.2
その他冷さけ,2024,8,149612,1602.8
その他冷さけ,2024,9,102304,1796.1
その他冷さけ,2024,10,102950,1637.1
その他冷さけ,2024,11,148766,996.9
その他冷さけ,2024,12,129749,2207.7
その他冷さけ,2025,1,82048,1600.3
その他冷さけ,2025,2,69572,1880.9
その他冷さけ,2025,3,70338,1998.7
その他冷さけ,2025,4,49087,1920.0
その他冷さけ,2025,5,122475,2659.8
その他冷さけ,2025,6,87573,2560.8
その他冷さけ,2025,7,86005,2706.5
その他冷さけ,2025,8,48718,2055.0
その他冷さけ,2025,9,60249,2035.6
その他冷さけ,2025,10,97624,2243.0
その他冷さけ,2025,11,52242,1869.4
その他冷さけ,2025,12,177343,2704.6
その他冷さけ,2026,1,80454,2173.2
その他冷さけ,2026,2,67538,2129.1
その他冷さけ,2026,3,104587,2414.4
その他冷さけ,2026,4,173119,1733.2
その他冷さけ,2026,5,70003,2736.8
その他冷輸入えび,2023,1,145379,1553.6
その他冷輸入えび,2023,2,172120,1576.4
その他冷輸入えび,2023,3,188315,1622.7
その他冷輸入えび,2023,4,219880,1624.0
その他冷輸入えび,2023,5,114166,1750.8
その他冷輸入えび,2023,6,115742,1718.5
その他冷輸入えび,2023,7,91688,1737.8
その他冷輸入えび,2023,8,107965,1731.9
その他冷輸入えび,2023,9,116900,1695.1
その他冷輸入えび,2023,10,173645,1682.5
その他冷輸入えび,2023,11,156238,1749.3
その他冷輸入えび,2023,12,199120,1704.3
その他冷輸入えび,2024,1,124884,1492.3
その他冷輸入えび,2024,2,155705,1515.7
その他冷輸入えび,2024,3,110933,1765.4
その他冷輸入えび,2024,4,232808,1624.6
その他冷輸入えび,2024,5,144978,1733.2
その他冷輸入えび,2024,6,191388,1681.4
その他冷輸入えび,2024,7,175577,1700.5
その他冷輸入えび,2024,8,138598,1788.3
その他冷輸入えび,2024,9,166134,1547.8
その他冷輸入えび,2024,10,230287,1569.6
その他冷輸入えび,2024,11,230871,1607.8
その他冷輸入えび,2024,12,312554,1577.4
その他冷輸入えび,2025,1,146848,1636.3
その他冷輸入えび,2025,2,154062,1693.6
その他冷輸入えび,2025,3,157882,1664.0
その他冷輸入えび,2025,4,217293,1682.2
その他冷輸入えび,2025,5,178652,1679.3
その他冷輸入えび,2025,6,177906,1642.6
その他冷輸入えび,2025,7,203085,1680.3
その他冷輸入えび,2025,8,188044,1679.6
その他冷輸入えび,2025,9,230903,1633.4
その他冷輸入えび,2025,10,340920,1635.8
その他冷輸入えび,2025,11,320169,1652.7
その他冷輸入えび,2025,12,311528,1747.7
その他冷輸入えび,2026,1,163698,1679.9
その他冷輸入えび,2026,2,179293,1632.7
その他冷輸入えび,2026,3,172719,1694.8
その他冷輸入えび,2026,4,383748,1493.9
その他冷輸入えび,2026,5,184635,1636.9
はまち（養殖）,2023,1,491221,1901.1
はまち（養殖）,2023,2,345682,1883.4
はまち（養殖）,2023,3,271547,1865.1
はまち（養殖）,2023,4,203882,1805.8
はまち（養殖）,2023,5,201818,1691.3
はまち（養殖）,2023,6,200054,1582.8
はまち（養殖）,2023,7,214911,1554.6
はまち（養殖）,2023,8,254820,1535.2
はまち（養殖）,2023,9,230882,1529.4
はまち（養殖）,2023,10,245847,1519.4
はまち（養殖）,2023,11,366879,1431.4
はまち（養殖）,2023,12,774967,1382.2
はまち（養殖）,2024,1,654654,1331.0
はまち（養殖）,2024,2,647333,1241.0
はまち（養殖）,2024,3,467210,1267.3
はまち（養殖）,2024,4,300616,1354.7
はまち（養殖）,2024,5,309699,1340.7
はまち（養殖）,2024,6,266374,1369.9
はまち（養殖）,2024,7,248120,1471.9
はまち（養殖）,2024,8,284064,1482.2
はまち（養殖）,2024,9,255924,1480.6
はまち（養殖）,2024,10,264889,1499.5
はまち（養殖）,2024,11,386616,1471.3
はまち（養殖）,2024,12,709672,1567.1
はまち（養殖）,2025,1,562908,1598.2
はまち（養殖）,2025,2,353399,1838.7
はまち（養殖）,2025,3,278935,2014.5
はまち（養殖）,2025,4,206153,2016.1
はまち（養殖）,2025,5,167378,2224.8
はまち（養殖）,2025,6,140044,2230.8
はまち（養殖）,2025,7,143472,2262.4
はまち（養殖）,2025,8,157160,2308.8
はまち（養殖）,2025,9,138524,2407.9
はまち（養殖）,2025,10,158943,2405.9
はまち（養殖）,2025,11,198304,2483.2
はまち（養殖）,2025,12,494998,2463.5
はまち（養殖）,2026,1,368640,2378.4
はまち（養殖）,2026,2,313466,2388.1
はまち（養殖）,2026,3,243230,2322.8
はまち（養殖）,2026,4,191232,2227.3
はまち（養殖）,2026,5,189052,2233.9
ぶり,2023,1,272731,1419.3
ぶり,2023,2,312244,1099.0
ぶり,2023,3,1061792,633.6
ぶり,2023,4,1151968,424.4
ぶり,2023,5,369510,491.1
ぶり,2023,6,156966,375.1
ぶり,2023,7,311146,475.7
ぶり,2023,8,134133,698.6
ぶり,2023,9,276127,745.9
ぶり,2023,10,869208,638.2
ぶり,2023,11,640019,1083.2
ぶり,2023,12,580863,1290.8
ぶり,2024,1,653634,1202.3
ぶり,2024,2,497037,1126.1
ぶり,2024,3,1157729,726.4
ぶり,2024,4,1419915,534.2
ぶり,2024,5,459278,599.2
ぶり,2024,6,196556,278.5
ぶり,2024,7,374677,462.4
ぶり,2024,8,203739,666.2
ぶり,2024,9,186292,902.6
ぶり,2024,10,894786,684.6
ぶり,2024,11,564983,1120.2
ぶり,2024,12,768797,1373.3
ぶり,2025,1,439848,1438.1
ぶり,2025,2,362521,1706.7
ぶり,2025,3,917052,774.6
ぶり,2025,4,978198,687.7
ぶり,2025,5,421802,656.4
ぶり,2025,6,323482,473.4
ぶり,2025,7,314202,634.0
ぶり,2025,8,92022,754.9
ぶり,2025,9,122481,801.6
ぶり,2025,10,775224,812.1
ぶり,2025,11,427489,1493.2
ぶり,2025,12,280108,2383.0
ぶり,2026,1,254804,1958.9
ぶり,2026,2,326598,1558.9
ぶり,2026,3,814042,843.3
ぶり,2026,4,808717,648.8
ぶり,2026,5,472868,728.5
まあじ,2023,1,666614,751.3
まあじ,2023,2,639297,802.3
まあじ,2023,3,878763,711.2
まあじ,2023,4,984831,667.7
まあじ,2023,5,991187,694.9
まあじ,2023,6,901075,797.5
まあじ,2023,7,754193,894.8
まあじ,2023,8,741942,792.7
まあじ,2023,9,880454,668.5
まあじ,2023,10,917282,645.8
まあじ,2023,11,901485,650.2
まあじ,2023,12,765701,685.8
まあじ,2024,1,578686,799.0
まあじ,2024,2,639314,764.6
まあじ,2024,3,1012223,647.4
まあじ,2024,4,1273423,536.7
まあじ,2024,5,1208112,554.0
まあじ,2024,6,1016352,679.0
まあじ,2024,7,769119,878.5
まあじ,2024,8,891596,731.7
まあじ,2024,9,928573,668.5
まあじ,2024,10,976173,635.6
まあじ,2024,11,914978,613.6
まあじ,2024,12,889244,607.4
まあじ,2025,1,558084,823.9
まあじ,2025,2,716058,787.4
まあじ,2025,3,620973,894.4
まあじ,2025,4,879829,752.0
まあじ,2025,5,913160,773.9
まあじ,2025,6,1022263,685.8
まあじ,2025,7,961044,752.9
まあじ,2025,8,830350,763.5
まあじ,2025,9,833650,727.0
まあじ,2025,10,915893,684.9
まあじ,2025,11,905700,662.7
まあじ,2025,12,839805,714.3
まあじ,2026,1,688917,825.2
まあじ,2026,2,774346,755.2
まあじ,2026,3,843715,790.1
まあじ,2026,4,979941,705.0
まあじ,2026,5,1103176,676.8
まいわし,2023,1,507488,445.7
まいわし,2023,2,757200,387.4
まいわし,2023,3,737016,404.1
まいわし,2023,4,710157,420.0
まいわし,2023,5,618733,419.0
まいわし,2023,6,736374,397.7
まいわし,2023,7,468331,480.7
まいわし,2023,8,418142,458.1
まいわし,2023,9,312647,486.0
まいわし,2023,10,295661,488.5
まいわし,2023,11,226376,676.0
まいわし,2023,12,216826,705.6
まいわし,2024,1,579512,427.2
まいわし,2024,2,658092,403.4
まいわし,2024,3,676278,406.4
まいわし,2024,4,607673,373.8
まいわし,2024,5,432868,411.5
まいわし,2024,6,467639,447.1
まいわし,2024,7,341436,525.7
まいわし,2024,8,235785,579.7
まいわし,2024,9,218693,558.4
まいわし,2024,10,175030,588.9
まいわし,2024,11,244894,576.4
まいわし,2024,12,405709,400.5
まいわし,2025,1,416069,443.8
まいわし,2025,2,612255,429.4
まいわし,2025,3,621005,429.7
まいわし,2025,4,585291,407.2
まいわし,2025,5,471147,416.2
まいわし,2025,6,431076,445.0
まいわし,2025,7,473259,477.0
まいわし,2025,8,354395,509.7
まいわし,2025,9,323878,499.6
まいわし,2025,10,239967,604.0
まいわし,2025,11,252791,535.7
まいわし,2025,12,269621,585.5
まいわし,2026,1,282685,525.4
まいわし,2026,2,460049,468.1
まいわし,2026,3,717017,466.3
まいわし,2026,4,781489,451.9
まいわし,2026,5,543226,507.0
まぐろ（国内）,2023,1,420042,4685.1
まぐろ（国内）,2023,2,410514,4349.3
まぐろ（国内）,2023,3,440944,4354.7
まぐろ（国内）,2023,4,479327,4109.4
まぐろ（国内）,2023,5,561571,3790.4
まぐろ（国内）,2023,6,701276,3038.1
まぐろ（国内）,2023,7,456817,3496.8
まぐろ（国内）,2023,8,322831,4285.5
まぐろ（国内）,2023,9,346455,4573.9
まぐろ（国内）,2023,10,474376,4333.5
まぐろ（国内）,2023,11,459099,4516.7
まぐろ（国内）,2023,12,783398,4547.9
まぐろ（国内）,2024,1,429115,5082.5
まぐろ（国内）,2024,2,468393,4359.6
まぐろ（国内）,2024,3,524917,4146.5
まぐろ（国内）,2024,4,513967,4245.2
まぐろ（国内）,2024,5,706290,3341.5
まぐろ（国内）,2024,6,740383,2971.7
まぐろ（国内）,2024,7,467724,3471.3
まぐろ（国内）,2024,8,427095,3727.7
まぐろ（国内）,2024,9,433087,4218.4
まぐろ（国内）,2024,10,630457,3689.2
まぐろ（国内）,2024,11,571577,3888.8
まぐろ（国内）,2024,12,890301,4103.9
まぐろ（国内）,2025,1,559606,4490.3
まぐろ（国内）,2025,2,559851,3982.3
まぐろ（国内）,2025,3,580259,3941.4
まぐろ（国内）,2025,4,653186,3414.6
まぐろ（国内）,2025,5,885641,2845.2
まぐろ（国内）,2025,6,809607,2741.2
まぐろ（国内）,2025,7,579099,2906.1
まぐろ（国内）,2025,8,526596,3275.0
まぐろ（国内）,2025,9,567695,3550.6
まぐろ（国内）,2025,10,678944,3633.0
まぐろ（国内）,2025,11,698161,3750.5
まぐろ（国内）,2025,12,1057879,3852.2
まぐろ（国内）,2026,1,712124,4621.9
まぐろ（国内）,2026,2,624802,3732.1
まぐろ（国内）,2026,3,767162,3744.8
まぐろ（国内）,2026,4,808107,3500.6
まぐろ（国内）,2026,5,827048,3393.2
またい（天然）,2023,1,79317,1440.2
またい（天然）,2023,2,107662,1365.7
またい（天然）,2023,3,267691,1141.4
またい（天然）,2023,4,294355,975.0
またい（天然）,2023,5,296847,903.3
またい（天然）,2023,6,189241,959.1
またい（天然）,2023,7,127359,1145.6
またい（天然）,2023,8,112139,1160.7
またい（天然）,2023,9,155661,1010.0
またい（天然）,2023,10,143245,1036.3
またい（天然）,2023,11,97992,1253.8
またい（天然）,2023,12,151898,1303.9
またい（天然）,2024,1,83296,1413.9
またい（天然）,2024,2,127989,1233.4
またい（天然）,2024,3,229162,1158.7
またい（天然）,2024,4,333941,863.6
またい（天然）,2024,5,267053,777.9
またい（天然）,2024,6,215551,802.5
またい（天然）,2024,7,138004,1040.3
またい（天然）,2024,8,163022,1000.5
またい（天然）,2024,9,146823,977.7
またい（天然）,2024,10,138612,1053.9
またい（天然）,2024,11,148488,1003.8
またい（天然）,2024,12,155893,1222.8
またい（天然）,2025,1,107203,1207.3
またい（天然）,2025,2,82116,1484.0
またい（天然）,2025,3,209733,1184.5
またい（天然）,2025,4,279253,982.4
またい（天然）,2025,5,281949,809.4
またい（天然）,2025,6,231631,786.6
またい（天然）,2025,7,155998,926.0
またい（天然）,2025,8,132147,1013.6
またい（天然）,2025,9,132948,1022.8
またい（天然）,2025,10,119360,1150.3
またい（天然）,2025,11,135721,1013.1
またい（天然）,2025,12,159048,1137.2
またい（天然）,2026,1,72713,1424.7
またい（天然）,2026,2,124066,1160.4
またい（天然）,2026,3,203440,1036.0
またい（天然）,2026,4,334367,854.5
またい（天然）,2026,5,260457,788.7
またい（養殖）,2023,1,441957,1119.8
またい（養殖）,2023,2,411540,1128.1
またい（養殖）,2023,3,496480,1074.4
またい（養殖）,2023,4,410225,1119.2
またい（養殖）,2023,5,453857,1135.9
またい（養殖）,2023,6,373835,1158.6
またい（養殖）,2023,7,421416,1149.9
またい（養殖）,2023,8,445385,1114.8
またい（養殖）,2023,9,420812,1114.0
またい（養殖）,2023,10,392500,1152.4
またい（養殖）,2023,11,379579,1157.4
またい（養殖）,2023,12,513656,1279.2
またい（養殖）,2024,1,363374,1177.6
またい（養殖）,2024,2,363616,1183.7
またい（養殖）,2024,3,448841,1183.3
またい（養殖）,2024,4,395866,1211.3
またい（養殖）,2024,5,388730,1212.0
またい（養殖）,2024,6,347299,1198.2
またい（養殖）,2024,7,391633,1213.3
またい（養殖）,2024,8,438057,1237.9
またい（養殖）,2024,9,353070,1227.5
またい（養殖）,2024,10,388217,1227.1
またい（養殖）,2024,11,386060,1200.9
またい（養殖）,2024,12,499119,1304.5
またい（養殖）,2025,1,384366,1217.4
またい（養殖）,2025,2,428483,1197.3
またい（養殖）,2025,3,512440,1192.4
またい（養殖）,2025,4,437689,1191.4
またい（養殖）,2025,5,432801,1181.8
またい（養殖）,2025,6,387157,1225.8
またい（養殖）,2025,7,396870,1212.1
またい（養殖）,2025,8,468777,1279.4
またい（養殖）,2025,9,436403,1299.5
またい（養殖）,2025,10,447613,1311.4
またい（養殖）,2025,11,461632,1314.0
またい（養殖）,2025,12,591538,1393.8
またい（養殖）,2026,1,504430,1317.0
またい（養殖）,2026,2,518246,1280.5
またい（養殖）,2026,3,607348,1286.0
またい（養殖）,2026,4,494994,1302.8
またい（養殖）,2026,5,490227,1369.1
むきかき,2023,1,285213,1972.5
むきかき,2023,2,269705,1951.6
むきかき,2023,3,184597,1886.1
むきかき,2023,4,83481,1724.1
むきかき,2023,5,41152,1889.3
むきかき,2023,6,10682,2734.5
むきかき,2023,7,6419,2541.8
むきかき,2023,8,4869,2986.5
むきかき,2023,9,3388,3258.0
むきかき,2023,10,102007,2201.1
むきかき,2023,11,254345,2144.5
むきかき,2023,12,349691,1951.3
むきかき,2024,1,315559,1934.1
むきかき,2024,2,321642,1915.3
むきかき,2024,3,253872,1789.0
むきかき,2024,4,107418,1673.7
むきかき,2024,5,41829,1682.8
むきかき,2024,6,10908,1738.2
むきかき,2024,7,6955,1688.5
むきかき,2024,8,9203,2208.9
むきかき,2024,9,11487,1904.9
むきかき,2024,10,48854,2748.2
むきかき,2024,11,230896,2341.0
むきかき,2024,12,325010,2240.5
むきかき,2025,1,348595,2144.7
むきかき,2025,2,352749,1999.3
むきかき,2025,3,221809,1671.3
むきかき,2025,4,101936,1636.7
むきかき,2025,5,33876,1691.4
むきかき,2025,6,15199,1643.4
むきかき,2025,7,3061,2848.5
むきかき,2025,8,1138,5813.2
むきかき,2025,9,3593,3714.5
むきかき,2025,10,39635,3196.5
むきかき,2025,11,147290,2896.5
むきかき,2025,12,189268,2943.4
むきかき,2026,1,201693,2708.6
むきかき,2026,2,206672,2392.6
むきかき,2026,3,164486,2168.2
むきかき,2026,4,62998,1862.1
むきかき,2026,5,19033,2004.5
わらさ,2023,1,325115,817.2
わらさ,2023,2,572034,656.3
わらさ,2023,3,419124,574.1
わらさ,2023,4,965629,423.6
わらさ,2023,5,1236192,425.0
わらさ,2023,6,1364215,347.7
わらさ,2023,7,1162993,370.3
わらさ,2023,8,1061738,425.7
わらさ,2023,9,940962,418.5
わらさ,2023,10,1098080,377.4
わらさ,2023,11,624616,532.9
わらさ,2023,12,461743,546.1
わらさ,2024,1,244767,595.6
わらさ,2024,2,286437,655.5
わらさ,2024,3,382146,521.6
わらさ,2024,4,687004,416.3
わらさ,2024,5,903514,432.1
わらさ,2024,6,1146828,339.4
わらさ,2024,7,934555,377.0
わらさ,2024,8,884838,418.5
わらさ,2024,9,968478,367.1
わらさ,2024,10,1033376,357.5
わらさ,2024,11,1193009,393.1
わらさ,2024,12,376521,637.8
わらさ,2025,1,322985,704.6
わらさ,2025,2,299048,944.6
わらさ,2025,3,415850,712.3
わらさ,2025,4,900792,557.9
わらさ,2025,5,1120371,501.9
わらさ,2025,6,1090249,508.1
わらさ,2025,7,1246754,422.5
わらさ,2025,8,1416418,442.9
わらさ,2025,9,1356502,457.5
わらさ,2025,10,1383484,505.9
わらさ,2025,11,1312659,591.2
わらさ,2025,12,645091,864.0
わらさ,2026,1,391178,931.5
わらさ,2026,2,218167,1010.6
わらさ,2026,3,447015,687.0
わらさ,2026,4,750292,579.3
わらさ,2026,5,877373,517.4
冷からすかれい,2023,1,146427,1252.0
冷からすかれい,2023,2,171485,1289.0
冷からすかれい,2023,3,175080,1278.5
冷からすかれい,2023,4,208839,1271.8
冷からすかれい,2023,5,125976,1385.0
冷からすかれい,2023,6,174201,1272.5
冷からすかれい,2023,7,117420,1472.0
冷からすかれい,2023,8,124013,1382.1
冷からすかれい,2023,9,133643,1452.0
冷からすかれい,2023,10,141706,1387.2
冷からすかれい,2023,11,127130,1403.0
冷からすかれい,2023,12,148734,1360.2
冷からすかれい,2024,1,108996,1411.8
冷からすかれい,2024,2,119987,1414.1
冷からすかれい,2024,3,123903,1397.9
冷からすかれい,2024,4,204079,1308.1
冷からすかれい,2024,5,126726,1491.5
冷からすかれい,2024,6,134917,1399.6
冷からすかれい,2024,7,144125,1482.0
冷からすかれい,2024,8,156414,1413.1
冷からすかれい,2024,9,151683,1422.3
冷からすかれい,2024,10,142617,1569.7
冷からすかれい,2024,11,227245,1399.2
冷からすかれい,2024,12,182612,1486.2
冷からすかれい,2025,1,197789,1387.9
冷からすかれい,2025,2,125661,1531.2
冷からすかれい,2025,3,151682,1443.0
冷からすかれい,2025,4,201819,1499.5
冷からすかれい,2025,5,193186,1495.8
冷からすかれい,2025,6,230797,1502.4
冷からすかれい,2025,7,178084,1609.6
冷からすかれい,2025,8,137320,1722.1
冷からすかれい,2025,9,174935,1645.6
冷からすかれい,2025,10,175310,1726.3
冷からすかれい,2025,11,156770,1791.0
冷からすかれい,2025,12,188568,1836.2
冷からすかれい,2026,1,153072,1943.3
冷からすかれい,2026,2,113388,2033.4
冷からすかれい,2026,3,153606,2015.6
冷からすかれい,2026,4,165794,2093.3
冷からすかれい,2026,5,115669,2318.6
冷きわだ,2023,1,52255,1724.8
冷きわだ,2023,2,92116,1363.6
冷きわだ,2023,3,147779,1369.8
冷きわだ,2023,4,135135,1163.7
冷きわだ,2023,5,74915,1303.8
冷きわだ,2023,6,215164,949.7
冷きわだ,2023,7,51576,1484.1
冷きわだ,2023,8,313941,853.9
冷きわだ,2023,9,50131,1628.0
冷きわだ,2023,10,110357,992.4
冷きわだ,2023,11,182811,836.9
冷きわだ,2023,12,96470,1101.9
冷きわだ,2024,1,58417,1289.9
冷きわだ,2024,2,47465,1356.4
冷きわだ,2024,3,152465,950.0
冷きわだ,2024,4,64979,1465.6
冷きわだ,2024,5,114669,1133.5
冷きわだ,2024,6,63869,1426.0
冷きわだ,2024,7,155880,929.5
冷きわだ,2024,8,161627,969.1
冷きわだ,2024,9,92011,1106.9
冷きわだ,2024,10,237035,870.9
冷きわだ,2024,11,327607,857.7
冷きわだ,2024,12,201460,978.6
冷きわだ,2025,1,180938,959.3
冷きわだ,2025,2,205315,931.4
冷きわだ,2025,3,121782,1003.3
冷きわだ,2025,4,155759,1012.8
冷きわだ,2025,5,170777,937.3
冷きわだ,2025,6,131767,994.9
冷きわだ,2025,7,96145,1296.4
冷きわだ,2025,8,167083,1071.9
冷きわだ,2025,9,91036,1229.9
冷きわだ,2025,10,48232,1726.6
冷きわだ,2025,11,84836,1359.8
冷きわだ,2025,12,59992,1690.5
冷きわだ,2026,1,54699,1668.1
冷きわだ,2026,2,60523,1647.0
冷きわだ,2026,3,77065,1662.6
冷きわだ,2026,4,56090,1687.8
冷きわだ,2026,5,57488,1675.5
冷ぎんさけ,2023,1,710188,1100.9
冷ぎんさけ,2023,2,774069,1108.9
冷ぎんさけ,2023,3,1077499,1061.2
冷ぎんさけ,2023,4,1036581,1088.1
冷ぎんさけ,2023,5,1287238,1116.5
冷ぎんさけ,2023,6,1172979,1127.9
冷ぎんさけ,2023,7,830647,1123.8
冷ぎんさけ,2023,8,1034169,1086.3
冷ぎんさけ,2023,9,932551,1078.5
冷ぎんさけ,2023,10,1224622,1066.3
冷ぎんさけ,2023,11,1222455,1074.3
冷ぎんさけ,2023,12,1232093,1055.0
冷ぎんさけ,2024,1,945702,1046.9
冷ぎんさけ,2024,2,1331074,1040.5
冷ぎんさけ,2024,3,1229004,1064.5
冷ぎんさけ,2024,4,1570286,1061.7
冷ぎんさけ,2024,5,1202686,1087.6
冷ぎんさけ,2024,6,1312340,1124.2
冷ぎんさけ,2024,7,1502779,1156.8
冷ぎんさけ,2024,8,1056717,1225.1
冷ぎんさけ,2024,9,863357,1217.1
冷ぎんさけ,2024,10,1001483,1254.7
冷ぎんさけ,2024,11,1130834,1276.4
冷ぎんさけ,2024,12,1022017,1303.5
冷ぎんさけ,2025,1,853977,1341.0
冷ぎんさけ,2025,2,752449,1396.3
冷ぎんさけ,2025,3,733532,1393.2
冷ぎんさけ,2025,4,1285685,1449.7
冷ぎんさけ,2025,5,982582,1439.1
冷ぎんさけ,2025,6,1141042,1416.1
冷ぎんさけ,2025,7,918403,1384.0
冷ぎんさけ,2025,8,869627,1394.7
冷ぎんさけ,2025,9,762124,1405.7
冷ぎんさけ,2025,10,931899,1386.6
冷ぎんさけ,2025,11,1266098,1300.5
冷ぎんさけ,2025,12,1269762,1287.6
冷ぎんさけ,2026,1,1015982,1306.0
冷ぎんさけ,2026,2,829713,1416.4
冷ぎんさけ,2026,3,1069271,1348.3
冷ぎんさけ,2026,4,1194820,1353.0
冷ぎんさけ,2026,5,935257,1365.4
冷ぎんたら,2023,1,228665,1400.0
冷ぎんたら,2023,2,218277,1462.2
冷ぎんたら,2023,3,157929,1529.3
冷ぎんたら,2023,4,147592,1458.5
冷ぎんたら,2023,5,145584,1399.3
冷ぎんたら,2023,6,222248,1300.1
冷ぎんたら,2023,7,194983,1351.1
冷ぎんたら,2023,8,207154,1342.5
冷ぎんたら,2023,9,236449,1316.3
冷ぎんたら,2023,10,268811,1265.5
冷ぎんたら,2023,11,266671,1310.0
冷ぎんたら,2023,12,247753,1293.2
冷ぎんたら,2024,1,352462,1226.9
冷ぎんたら,2024,2,309616,1236.4
冷ぎんたら,2024,3,414367,1261.7
冷ぎんたら,2024,4,367017,1293.7
冷ぎんたら,2024,5,308336,1320.1
冷ぎんたら,2024,6,337035,1412.3
冷ぎんたら,2024,7,349733,1405.9
冷ぎんたら,2024,8,331595,1452.2
冷ぎんたら,2024,9,281287,1450.0
冷ぎんたら,2024,10,303624,1495.4
冷ぎんたら,2024,11,348728,1570.9
冷ぎんたら,2024,12,243030,1562.6
冷ぎんたら,2025,1,247478,1620.0
冷ぎんたら,2025,2,213669,1575.1
冷ぎんたら,2025,3,209319,1615.8
冷ぎんたら,2025,4,406737,1573.2
冷ぎんたら,2025,5,252585,1605.5
冷ぎんたら,2025,6,272823,1674.3
冷ぎんたら,2025,7,264220,1646.9
冷ぎんたら,2025,8,249445,1655.1
冷ぎんたら,2025,9,248705,1662.3
冷ぎんたら,2025,10,266497,1616.7
冷ぎんたら,2025,11,291277,1608.3
冷ぎんたら,2025,12,293127,1645.9
冷ぎんたら,2026,1,298786,1661.1
冷ぎんたら,2026,2,327192,1648.4
冷ぎんたら,2026,3,362491,1652.9
冷ぎんたら,2026,4,424436,1611.5
冷ぎんたら,2026,5,284049,1569.6
冷さば,2023,1,150163,746.3
冷さば,2023,2,173320,762.9
冷さば,2023,3,203331,733.8
冷さば,2023,4,206772,710.1
冷さば,2023,5,165005,737.8
冷さば,2023,6,225421,675.7
冷さば,2023,7,217777,646.2
冷さば,2023,8,163634,786.0
冷さば,2023,9,170630,776.4
冷さば,2023,10,206588,772.9
冷さば,2023,11,191918,777.1
冷さば,2023,12,182899,786.2
冷さば,2024,1,144889,787.2
冷さば,2024,2,223762,702.2
冷さば,2024,3,199576,782.6
冷さば,2024,4,257351,777.7
冷さば,2024,5,157757,837.4
冷さば,2024,6,192296,826.2
冷さば,2024,7,155586,843.6
冷さば,2024,8,185887,764.3
冷さば,2024,9,190226,888.1
冷さば,2024,10,200779,808.1
冷さば,2024,11,221845,856.7
冷さば,2024,12,180156,836.0
冷さば,2025,1,182055,818.6
冷さば,2025,2,168988,898.9
冷さば,2025,3,209588,928.6
冷さば,2025,4,185371,943.9
冷さば,2025,5,182871,935.4
冷さば,2025,6,164861,987.0
冷さば,2025,7,200758,857.7
冷さば,2025,8,159030,1044.5
冷さば,2025,9,191881,1099.2
冷さば,2025,10,176363,1105.9
冷さば,2025,11,209894,1117.5
冷さば,2025,12,195823,1101.1
冷さば,2026,1,220052,1126.6
冷さば,2026,2,159390,1193.1
冷さば,2026,3,165587,1263.4
冷さば,2026,4,170837,1279.3
冷さば,2026,5,129627,1321.9
冷たこ,2023,1,192443,1673.3
冷たこ,2023,2,192995,1562.5
冷たこ,2023,3,213860,1689.9
冷たこ,2023,4,201017,1631.0
冷たこ,2023,5,329949,1615.6
冷たこ,2023,6,238499,1669.3
冷たこ,2023,7,269701,1619.1
冷たこ,2023,8,169012,1662.1
冷たこ,2023,9,335187,1643.5
冷たこ,2023,10,210075,1599.4
冷たこ,2023,11,434465,1783.1
冷たこ,2023,12,388050,1733.6
冷たこ,2024,1,176514,1655.2
冷たこ,2024,2,259949,1667.8
冷たこ,2024,3,229998,1498.3
冷たこ,2024,4,289302,1665.5
冷たこ,2024,5,225558,1693.0
冷たこ,2024,6,384459,1782.2
冷たこ,2024,7,317524,1772.5
冷たこ,2024,8,255456,1676.9
冷たこ,2024,9,126817,1825.3
冷たこ,2024,10,150712,1840.9
冷たこ,2024,11,243407,1937.3
冷たこ,2024,12,243454,1882.7
冷たこ,2025,1,77678,1908.3
冷たこ,2025,2,82057,1911.4
冷たこ,2025,3,207262,1884.0
冷たこ,2025,4,155421,1862.2
冷たこ,2025,5,107763,1829.0
冷たこ,2025,6,186145,1902.7
冷たこ,2025,7,116221,1816.5
冷たこ,2025,8,140560,1844.0
冷たこ,2025,9,146307,1854.8
冷たこ,2025,10,145824,1809.6
冷たこ,2025,11,118283,1815.7
冷たこ,2025,12,212011,1895.1
冷たこ,2026,1,73995,2048.4
冷たこ,2026,2,66937,1848.7
冷たこ,2026,3,81165,1929.0
冷たこ,2026,4,108053,1968.0
冷たこ,2026,5,85355,2039.9
冷ほたて貝,2023,1,98157,2710.9
冷ほたて貝,2023,2,123166,2885.4
冷ほたて貝,2023,3,159514,2829.2
冷ほたて貝,2023,4,176934,2818.7
冷ほたて貝,2023,5,192494,2904.7
冷ほたて貝,2023,6,193953,2928.8
冷ほたて貝,2023,7,142151,2847.6
冷ほたて貝,2023,8,150466,2653.2
冷ほたて貝,2023,9,176939,2492.9
冷ほたて貝,2023,10,255380,2538.4
冷ほたて貝,2023,11,299673,2570.8
冷ほたて貝,2023,12,496233,2679.4
冷ほたて貝,2024,1,255941,2836.7
冷ほたて貝,2024,2,297988,2684.2
冷ほたて貝,2024,3,280493,2618.7
冷ほたて貝,2024,4,256828,2634.9
冷ほたて貝,2024,5,252764,2784.8
冷ほたて貝,2024,6,254419,2518.8
冷ほたて貝,2024,7,255796,2670.8
冷ほたて貝,2024,8,276371,2704.0
冷ほたて貝,2024,9,320361,3136.2
冷ほたて貝,2024,10,370742,2962.7
冷ほたて貝,2024,11,309147,3379.1
冷ほたて貝,2024,12,413740,3515.1
冷ほたて貝,2025,1,193127,3430.5
冷ほたて貝,2025,2,168707,3467.9
冷ほたて貝,2025,3,117310,3785.8
冷ほたて貝,2025,4,241732,4346.1
冷ほたて貝,2025,5,164708,4249.3
冷ほたて貝,2025,6,144815,4238.5
冷ほたて貝,2025,7,161048,4604.6
冷ほたて貝,2025,8,200783,4527.2
冷ほたて貝,2025,9,205770,5257.6
冷ほたて貝,2025,10,201471,5108.3
冷ほたて貝,2025,11,174816,5002.1
冷ほたて貝,2025,12,306226,4376.1
冷ほたて貝,2026,1,114172,5221.8
冷ほたて貝,2026,2,169047,4331.4
冷ほたて貝,2026,3,122019,4863.4
冷ほたて貝,2026,4,182682,4951.7
冷ほたて貝,2026,5,168075,4419.6
冷ほんまぐろ,2023,1,172445,4158.6
冷ほんまぐろ,2023,2,194461,3992.8
冷ほんまぐろ,2023,3,331567,4031.6
冷ほんまぐろ,2023,4,246920,3782.5
冷ほんまぐろ,2023,5,249246,3724.8
冷ほんまぐろ,2023,6,326359,3600.8
冷ほんまぐろ,2023,7,327609,3469.0
冷ほんまぐろ,2023,8,280210,3820.1
冷ほんまぐろ,2023,9,278969,3625.0
冷ほんまぐろ,2023,10,391303,3259.3
冷ほんまぐろ,2023,11,349374,3218.9
冷ほんまぐろ,2023,12,544149,3222.5
冷ほんまぐろ,2024,1,226807,3389.6
冷ほんまぐろ,2024,2,278801,3195.2
冷ほんまぐろ,2024,3,358725,3080.9
冷ほんまぐろ,2024,4,341464,3194.3
冷ほんまぐろ,2024,5,348426,3209.9
冷ほんまぐろ,2024,6,492683,2849.0
冷ほんまぐろ,2024,7,382525,3127.0
冷ほんまぐろ,2024,8,331646,3332.2
冷ほんまぐろ,2024,9,336317,3349.7
冷ほんまぐろ,2024,10,342571,3343.0
冷ほんまぐろ,2024,11,353069,3463.8
冷ほんまぐろ,2024,12,490030,3498.4
冷ほんまぐろ,2025,1,289461,3297.6
冷ほんまぐろ,2025,2,236071,3423.4
冷ほんまぐろ,2025,3,376042,3450.6
冷ほんまぐろ,2025,4,345882,3420.6
冷ほんまぐろ,2025,5,388206,3183.9
冷ほんまぐろ,2025,6,464075,3039.5
冷ほんまぐろ,2025,7,367855,3319.5
冷ほんまぐろ,2025,8,317837,3718.8
冷ほんまぐろ,2025,9,306244,3638.8
冷ほんまぐろ,2025,10,334769,3644.5
冷ほんまぐろ,2025,11,331242,3666.7
冷ほんまぐろ,2025,12,459048,3889.1
冷ほんまぐろ,2026,1,235696,3954.8
冷ほんまぐろ,2026,2,231146,4020.4
冷ほんまぐろ,2026,3,356839,3945.4
冷ほんまぐろ,2026,4,358106,3947.8
冷ほんまぐろ,2026,5,362583,3924.3
冷むきえび,2023,1,100531,1540.2
冷むきえび,2023,2,103025,1536.9
冷むきえび,2023,3,155535,1432.0
冷むきえび,2023,4,223880,1324.4
冷むきえび,2023,5,161053,1384.9
冷むきえび,2023,6,143091,1215.7
冷むきえび,2023,7,148394,1365.1
冷むきえび,2023,8,163144,1422.2
冷むきえび,2023,9,157936,1362.8
冷むきえび,2023,10,128568,1468.7
冷むきえび,2023,11,138842,1476.3
冷むきえび,2023,12,204231,1436.5
冷むきえび,2024,1,157541,1340.1
冷むきえび,2024,2,137177,1519.7
冷むきえび,2024,3,180219,1473.6
冷むきえび,2024,4,183451,1467.9
冷むきえび,2024,5,154529,1529.6
冷むきえび,2024,6,160873,1503.5
冷むきえび,2024,7,157176,1518.4
冷むきえび,2024,8,169030,1461.5
冷むきえび,2024,9,184529,1436.2
冷むきえび,2024,10,156646,1531.5
冷むきえび,2024,11,189826,1536.8
冷むきえび,2024,12,226859,1577.5
冷むきえび,2025,1,157236,1522.4
冷むきえび,2025,2,145193,1624.9
冷むきえび,2025,3,159453,1598.4
冷むきえび,2025,4,188412,1562.5
冷むきえび,2025,5,161988,1594.2
冷むきえび,2025,6,127793,1590.4
冷むきえび,2025,7,160122,1537.0
冷むきえび,2025,8,139726,1568.1
冷むきえび,2025,9,146200,1522.6
冷むきえび,2025,10,193648,1493.8
冷むきえび,2025,11,152481,1515.8
冷むきえび,2025,12,230072,1542.9
冷むきえび,2026,1,134062,1497.6
冷むきえび,2026,2,145315,1573.7
冷むきえび,2026,3,143271,1566.4
冷むきえび,2026,4,202605,1532.7
冷むきえび,2026,5,131019,1567.0
冷めばち,2023,1,734895,1366.6
冷めばち,2023,2,878711,1316.4
冷めばち,2023,3,1037700,1312.1
冷めばち,2023,4,1161713,1229.1
冷めばち,2023,5,974230,1215.3
冷めばち,2023,6,1077874,1155.9
冷めばち,2023,7,1055021,1138.4
冷めばち,2023,8,1160600,1101.5
冷めばち,2023,9,980524,1090.8
冷めばち,2023,10,1144686,1078.2
冷めばち,2023,11,1025853,1094.1
冷めばち,2023,12,1284439,1193.8
冷めばち,2024,1,798923,1208.2
冷めばち,2024,2,865432,1215.8
冷めばち,2024,3,1085542,1162.4
冷めばち,2024,4,1066903,1159.3
冷めばち,2024,5,985007,1144.6
冷めばち,2024,6,1005906,1121.2
冷めばち,2024,7,1157926,1070.3
冷めばち,2024,8,1066136,1123.7
冷めばち,2024,9,994788,1112.4
冷めばち,2024,10,1067252,1097.5
冷めばち,2024,11,1299010,1076.1
冷めばち,2024,12,1310736,1146.3
冷めばち,2025,1,946013,1104.6
冷めばち,2025,2,1021712,1107.5
冷めばち,2025,3,988801,1149.0
冷めばち,2025,4,1139046,1142.0
冷めばち,2025,5,1081565,1136.2
冷めばち,2025,6,1032150,1159.2
冷めばち,2025,7,1037547,1234.6
冷めばち,2025,8,933201,1313.6
冷めばち,2025,9,935230,1339.6
冷めばち,2025,10,865065,1396.0
冷めばち,2025,11,858023,1410.8
冷めばち,2025,12,969781,1498.9
冷めばち,2026,1,616071,1556.5
冷めばち,2026,2,654727,1582.7
冷めばち,2026,3,841206,1530.7
冷めばち,2026,4,735653,1620.1
冷めばち,2026,5,654402,1687.7
冷印度まぐろ,2023,1,198626,2663.7
冷印度まぐろ,2023,2,172913,2710.4
冷印度まぐろ,2023,3,298313,2497.4
冷印度まぐろ,2023,4,270483,2576.8
冷印度まぐろ,2023,5,224373,2534.9
冷印度まぐろ,2023,6,234964,2311.0
冷印度まぐろ,2023,7,295122,2248.9
冷印度まぐろ,2023,8,231659,2352.3
冷印度まぐろ,2023,9,274795,2128.9
冷印度まぐろ,2023,10,297977,2253.3
冷印度まぐろ,2023,11,315290,2027.0
冷印度まぐろ,2023,12,407317,2079.2
冷印度まぐろ,2024,1,247534,1989.1
冷印度まぐろ,2024,2,240062,1953.0
冷印度まぐろ,2024,3,301683,1920.6
冷印度まぐろ,2024,4,313874,1969.9
冷印度まぐろ,2024,5,268746,1995.7
冷印度まぐろ,2024,6,312534,1819.8
冷印度まぐろ,2024,7,234723,2030.1
冷印度まぐろ,2024,8,218720,2179.2
冷印度まぐろ,2024,9,245443,2051.3
冷印度まぐろ,2024,10,255170,2103.9
冷印度まぐろ,2024,11,299041,2085.0
冷印度まぐろ,2024,12,348274,2174.7
冷印度まぐろ,2025,1,225839,2060.8
冷印度まぐろ,2025,2,213184,1979.7
冷印度まぐろ,2025,3,238342,2050.8
冷印度まぐろ,2025,4,300434,2059.5
冷印度まぐろ,2025,5,256396,2071.0
冷印度まぐろ,2025,6,244594,2102.8
冷印度まぐろ,2025,7,300271,1942.2
冷印度まぐろ,2025,8,259584,2226.7
冷印度まぐろ,2025,9,251509,2206.3
冷印度まぐろ,2025,10,300531,2218.8
冷印度まぐろ,2025,11,273779,2250.1
冷印度まぐろ,2025,12,346593,2365.4
冷印度まぐろ,2026,1,239844,2214.0
冷印度まぐろ,2026,2,251321,2117.3
冷印度まぐろ,2026,3,258698,2254.0
冷印度まぐろ,2026,4,234591,2406.1
冷印度まぐろ,2026,5,241168,2477.7
活かんぱち,2023,1,150406,1881.8
活かんぱち,2023,2,150309,1891.9
活かんぱち,2023,3,190369,1897.6
活かんぱち,2023,4,175289,1895.0
活かんぱち,2023,5,203739,1877.2
活かんぱち,2023,6,193767,1885.4
活かんぱち,2023,7,203449,1884.9
活かんぱち,2023,8,183910,1931.1
活かんぱち,2023,9,169968,1945.3
活かんぱち,2023,10,182576,1914.9
活かんぱち,2023,11,170022,1901.6
活かんぱち,2023,12,215966,1937.0
活かんぱち,2024,1,147975,1955.2
活かんぱち,2024,2,152696,1945.0
活かんぱち,2024,3,170310,1989.8
活かんぱち,2024,4,155379,2041.9
活かんぱち,2024,5,173094,2032.7
活かんぱち,2024,6,160668,2036.1
活かんぱち,2024,7,176427,2041.0
活かんぱち,2024,8,171380,2067.6
活かんぱち,2024,9,157083,2100.7
活かんぱち,2024,10,165898,2098.5
活かんぱち,2024,11,157473,2114.5
活かんぱち,2024,12,197707,2105.1
活かんぱち,2025,1,144813,2128.5
活かんぱち,2025,2,144567,2139.6
活かんぱち,2025,3,159879,2193.8
活かんぱち,2025,4,157726,2095.8
活かんぱち,2025,5,161062,2283.5
活かんぱち,2025,6,146785,2313.8
活かんぱち,2025,7,156935,2351.7
活かんぱち,2025,8,159778,2427.8
活かんぱち,2025,9,149497,2412.5
活かんぱち,2025,10,149353,2384.5
活かんぱち,2025,11,145862,2332.0
活かんぱち,2025,12,185889,2452.1
活かんぱち,2026,1,147557,2420.2
活かんぱち,2026,2,134663,2390.8
活かんぱち,2026,3,154549,2399.1
活かんぱち,2026,4,145366,2390.9
活かんぱち,2026,5,156597,2367.6
活またい,2023,1,432333,1239.1
活またい,2023,2,423682,1247.0
活またい,2023,3,561631,1259.2
活またい,2023,4,517067,1244.3
活またい,2023,5,512168,1217.3
活またい,2023,6,449171,1196.6
活またい,2023,7,437828,1226.4
活またい,2023,8,483954,1248.6
活またい,2023,9,451684,1274.9
活またい,2023,10,469393,1288.1
活またい,2023,11,474906,1281.2
活またい,2023,12,570933,1286.6
活またい,2024,1,441501,1281.4
活またい,2024,2,456986,1306.0
活またい,2024,3,562861,1318.0
活またい,2024,4,551717,1312.9
活またい,2024,5,511621,1270.3
活またい,2024,6,451378,1250.6
活またい,2024,7,471716,1263.9
活またい,2024,8,495867,1278.7
活またい,2024,9,459895,1302.0
活またい,2024,10,503805,1299.4
活またい,2024,11,504860,1285.3
活またい,2024,12,606230,1322.6
活またい,2025,1,483275,1283.0
活またい,2025,2,478984,1290.6
活またい,2025,3,571318,1304.8
活またい,2025,4,546290,1280.5
活またい,2025,5,522280,1259.2
活またい,2025,6,452149,1244.3
活またい,2025,7,463622,1254.1
活またい,2025,8,484339,1257.8
活またい,2025,9,469684,1299.0
活またい,2025,10,490788,1313.2
活またい,2025,11,484454,1281.3
活またい,2025,12,606339,1331.1
活またい,2026,1,461251,1313.6
活またい,2026,2,452606,1324.5
活またい,2026,3,566107,1324.6
活またい,2026,4,535497,1291.7
活またい,2026,5,505203,1288.5
生またら,2023,1,492021,975.6
生またら,2023,2,420906,892.9
生またら,2023,3,235212,934.0
生またら,2023,4,142906,1040.3
生またら,2023,5,122951,1047.3
生またら,2023,6,90485,1206.6
生またら,2023,7,53917,1415.6
生またら,2023,8,36001,1605.3
生またら,2023,9,70478,1455.9
生またら,2023,10,161342,1358.0
生またら,2023,11,410230,1058.4
生またら,2023,12,484502,912.4
生またら,2024,1,435747,934.7
生またら,2024,2,387316,898.2
生またら,2024,3,199038,984.6
生またら,2024,4,110352,914.4
生またら,2024,5,67894,990.3
生またら,2024,6,60888,931.0
生またら,2024,7,49773,1142.4
生またら,2024,8,39865,1284.6
生またら,2024,9,65888,1190.5
生またら,2024,10,174080,1265.9
生またら,2024,11,455422,1043.7
生またら,2024,12,467247,1027.5
生またら,2025,1,443801,943.4
生またら,2025,2,378903,1073.0
生またら,2025,3,220812,904.7
生またら,2025,4,100369,1002.3
生またら,2025,5,63878,1052.3
生またら,2025,6,56030,1095.3
生またら,2025,7,36153,1387.2
生またら,2025,8,33819,1544.3
生またら,2025,9,66033,1306.4
生またら,2025,10,252034,1184.8
生またら,2025,11,533508,979.8
生またら,2025,12,465600,1164.7
生またら,2026,1,445381,1144.8
生またら,2026,2,371252,1127.9
生またら,2026,3,171980,1194.5
生またら,2026,4,72257,1349.2
生またら,2026,5,65529,1340.5
輸入さけ・ます,2023,1,227132,2337.2
輸入さけ・ます,2023,2,209065,2468.8
輸入さけ・ます,2023,3,231286,2649.8
輸入さけ・ます,2023,4,210272,2501.3
輸入さけ・ます,2023,5,264909,2478.7
輸入さけ・ます,2023,6,231257,2302.0
輸入さけ・ます,2023,7,205364,2397.3
輸入さけ・ます,2023,8,239076,2432.2
輸入さけ・ます,2023,9,240148,2332.3
輸入さけ・ます,2023,10,242441,2323.9
輸入さけ・ます,2023,11,234518,2346.2
輸入さけ・ます,2023,12,381539,2446.0
輸入さけ・ます,2024,1,219664,2505.2
輸入さけ・ます,2024,2,222294,2568.5
輸入さけ・ます,2024,3,273040,2582.0
輸入さけ・ます,2024,4,246935,2517.2
輸入さけ・ます,2024,5,339145,2294.0
輸入さけ・ます,2024,6,258912,2342.2
輸入さけ・ます,2024,7,395579,2182.6
輸入さけ・ます,2024,8,276111,2444.7
輸入さけ・ます,2024,9,254447,2369.3
輸入さけ・ます,2024,10,271803,2298.2
輸入さけ・ます,2024,11,288353,2331.5
輸入さけ・ます,2024,12,412857,2470.8
輸入さけ・ます,2025,1,273631,2425.9
輸入さけ・ます,2025,2,286883,2218.4
輸入さけ・ます,2025,3,358021,1975.6
輸入さけ・ます,2025,4,346816,1944.6
輸入さけ・ます,2025,5,398908,1966.5
輸入さけ・ます,2025,6,333831,1940.0
輸入さけ・ます,2025,7,345756,1825.1
輸入さけ・ます,2025,8,360336,1888.5
輸入さけ・ます,2025,9,395736,1715.7
輸入さけ・ます,2025,10,356542,1918.5
輸入さけ・ます,2025,11,350678,1879.2
輸入さけ・ます,2025,12,447949,2350.3
輸入さけ・ます,2026,1,317470,2044.3
輸入さけ・ます,2026,2,309499,1943.1
輸入さけ・ます,2026,3,336077,2041.3
輸入さけ・ます,2026,4,364418,1907.6
輸入さけ・ます,2026,5,394199,1873.1
